pokedex_number,location_id
1,68
1,86
1,155
1,599
1,713
4,86
4,87
4,109
4,120
4,103
4,599
4,712
6,91
6,98
6,100
6,88
6,99
6,109
6,120
6,131
6,132
6,133
6,134
6,89
6,90
6,92
6,93
6,94
6,95
6,96
6,97
6,101
6,102
6,103
6,104
6,157
7,136
7,151
7,86
7,103
7,104
7,599
7,727
10,8
10,34
10,110
10,111
10,78
10,114
10,115
10,83
10,150
10,116
10,117
10,118
10,119
10,79
10,105
10,106
10,99
10,103
10,104
10,155
10,503
10,591
10,593
10,228
10,711
10,732
10,750
10,726
11,8
11,110
11,111
11,78
11,114
11,115
11,83
11,116
11,117
11,118
11,119
11,79
11,105
11,106
11,99
11,103
11,104
11,155
11,503
11,367
11,593
11,228
11,711
11,732
11,750
11,726
12,78
12,114
12,115
12,116
12,117
12,118
12,119
12,79
12,105
12,106
12,99
12,103
12,104
12,155
12,367
12,228
12,732
12,750
12,726
13,8
13,34
13,110
13,111
13,78
13,114
13,115
13,83
13,150
13,116
13,117
13,118
13,119
13,79
13,105
13,106
13,99
13,103
13,104
13,155
13,503
13,591
13,593
13,228
14,8
14,110
14,111
14,78
14,114
14,115
14,83
14,116
14,117
14,118
14,119
14,79
14,105
14,106
14,99
14,103
14,104
14,155
14,503
14,367
14,593
14,228
15,78
15,114
15,115
15,116
15,117
15,118
15,119
15,79
15,105
15,106
15,99
15,155
15,367
15,228
15,731
16,57
16,108
16,110
16,111
16,112
16,78
16,114
16,115
16,83
16,116
16,117
16,91
16,98
16,100
16,88
16,99
16,109
16,130
16,131
16,132
16,133
16,90
16,92
16,93
16,94
16,95
16,96
16,97
16,101
16,103
16,104
16,155
16,501
16,508
16,512
16,591
16,594
16,814
17,117
17,118
17,119
17,124
17,91
17,98
17,100
17,88
17,99
17,130
17,131
17,132
17,133
17,90
17,92
17,93
17,94
17,95
17,96
17,97
17,101
17,103
17,104
17,155
17,501
17,508
17,512
17,814
18,91
18,98
18,100
18,88
18,99
18,130
18,131
18,132
18,133
18,90
18,92
18,93
18,94
18,95
18,96
18,97
18,101
18,103
18,104
18,755
19,54
19,63
19,108
19,110
19,111
19,138
19,112
19,141
19,113
19,114
19,66
19,139
19,118
19,119
19,123
19,81
19,127
19,149
19,88
19,99
19,109
19,120
19,130
19,131
19,132
19,133
19,134
19,89
19,90
19,95
19,96
19,97
19,101
19,102
19,140
19,161
19,350
19,543
19,550
19,711
20,54
20,63
20,141
20,66
20,118
20,119
20,123
20,81
20,124
20,128
20,105
20,106
20,88
20,109
20,120
20,131
20,132
20,133
20,134
20,89
20,90
20,95
20,96
20,97
20,101
20,140
20,161
20,374
20,547
20,550
20,814
20,1047
21,54
21,63
21,108
21,110
21,111
21,112
21,113
21,123
21,124
21,125
21,126
21,127
21,128
21,109
21,120
21,132
21,134
21,89
21,90
21,95
21,96
21,97
21,102
21,157
21,500
21,505
21,506
21,507
21,516
21,517
21,519
21,229
21,228
21,814
21,713
21,712
21,1052
22,16
22,54
22,55
22,63
22,123
22,128
22,129
22,109
22,120
22,134
22,89
22,95
22,96
22,97
22,102
22,157
22,500
22,505
22,506
22,507
22,516
22,517
22,519
22,520
22,370
22,814
22,755
22,762
22,770
22,785
23,43
23,112
23,113
23,123
23,105
23,106
23,109
23,120
23,133
23,134
23,89
23,90
23,157
23,631
23,228
23,814
23,713
24,11
24,123
24,82
24,105
24,106
24,107
24,109
24,120
24,147
24,157
24,159
24,647
24,814
24,735
25,23
25,86
25,99
25,155
25,158
25,483
25,594
25,593
25,430
25,571
25,570
25,431
25,711
25,1042
25,741
25,1089
25,1091
26,147
26,158
27,20
27,141
27,80
27,109
27,120
27,133
27,134
27,89
27,90
27,157
27,459
27,461
27,487
27,376
27,377
27,814
28,56
28,105
28,106
28,80
28,152
28,147
28,157
28,159
28,377
28,370
28,644
28,676
28,814
29,31
29,115
29,83
29,116
29,99
29,109
29,134
29,89
29,102
29,157
29,162
29,621
29,814
30,29
30,51
30,134
30,89
30,92
30,93
30,94
30,157
30,162
30,621
30,814
31,157
32,31
32,115
32,83
32,116
32,99
32,109
32,134
32,89
32,102
32,157
32,162
32,621
33,29
33,51
33,134
33,89
33,92
33,93
33,94
33,157
33,162
33,621
33,814
34,157
35,10
35,80
35,109
35,120
35,403
35,814
35,770
36,80
36,403
37,39
37,45
37,116
37,117
37,129
37,130
37,131
37,132
37,133
37,161
37,441
37,412
37,697
38,132
38,133
38,412
39,114
39,115
39,127
39,109
39,120
39,130
39,131
39,132
39,133
39,463
39,374
39,356
39,357
39,369
39,650
39,652
39,814
39,731
39,733
40,147
40,374
40,356
40,357
40,369
41,6
41,10
41,14
41,15
41,20
41,24
41,30
41,33
41,34
41,36
41,37
41,38
41,39
41,40
41,42
41,45
41,47
41,48
41,110
41,111
41,112
41,141
41,113
41,137
41,78
41,66
41,156
41,123
41,81
41,77
41,72
41,136
41,128
41,80
41,87
41,152
41,109
41,120
41,134
41,89
41,140
41,73
41,147
41,159
41,160
41,435
41,437
41,442
41,443
41,444
41,445
41,490
41,502
41,504
41,529
41,543
41,672
41,814
41,753
41,725
41,750
41,744
41,1048
41,727
41,723
41,1043
41,1052
41,580
42,10
42,13
42,14
42,15
42,16
42,178
42,18
42,19
42,24
42,40
42,55
42,141
42,137
42,156
42,123
42,81
42,77
42,72
42,136
42,82
42,128
42,107
42,87
42,152
42,140
42,147
42,159
42,160
42,435
42,442
42,443
42,444
42,445
42,448
42,502
42,504
42,374
42,403
42,398
42,368
42,547
42,814
42,753
42,750
42,744
42,775
42,793
42,1044
42,789
43,53
43,57
43,64
43,78
43,91
43,88
43,99
43,130
43,131
43,132
43,92
43,93
43,94
43,101
43,103
43,104
43,155
43,458
43,465
43,467
43,468
43,469
43,471
43,483
43,501
43,507
43,508
43,516
43,606
43,814
44,53
44,57
44,64
44,128
44,91
44,129
44,130
44,92
44,93
44,94
44,101
44,103
44,147
44,469
44,471
44,483
44,501
44,507
44,508
44,516
44,814
45,101
46,78
46,80
46,162
46,814
46,756
46,748
46,750
47,82
47,147
47,162
47,756
48,57
48,78
48,83
48,124
48,79
48,91
48,134
48,89
48,92
48,93
48,94
48,103
48,104
48,162
48,501
48,508
49,57
49,124
49,134
49,89
49,92
49,93
49,94
49,103
49,104
49,147
49,159
49,162
49,501
49,374
49,577
50,56
50,151
50,129
50,73
51,56
51,73
51,629
51,750
52,115
52,118
52,119
52,130
52,131
52,132
52,133
52,90
52,103
52,104
52,505
52,506
52,507
52,508
52,512
52,516
52,517
52,519
52,520
53,151
53,132
53,147
53,505
53,506
53,507
53,508
53,512
53,516
53,517
53,519
53,520
53,577
54,2
54,11
54,14
54,15
54,26
54,27
54,28
54,33
54,34
54,35
54,38
54,39
54,41
54,43
54,45
54,54
54,58
54,59
54,60
54,78
54,115
54,83
54,136
54,91
54,98
54,100
54,71
54,154
54,68
54,151
54,67
54,76
54,86
54,120
54,131
54,89
54,90
54,92
54,96
54,101
54,102
54,103
54,104
54,147
54,157
54,162
54,483
54,498
54,501
54,502
54,505
54,506
54,507
54,508
54,510
54,511
54,512
54,513
54,514
54,515
54,516
54,517
54,518
54,519
54,521
54,526
54,527
54,528
54,544
54,609
54,655
54,814
54,748
54,769
54,1048
54,727
54,723
55,2
55,14
55,15
55,178
55,26
55,27
55,28
55,33
55,34
55,35
55,38
55,39
55,41
55,43
55,45
55,54
55,58
55,59
55,60
55,63
55,64
55,78
55,115
55,136
55,82
55,131
55,147
55,483
55,501
55,507
55,409
55,366
55,369
55,412
55,554
55,560
55,541
55,542
55,814
55,787
55,789
56,54
56,63
56,123
56,87
56,109
56,120
56,130
56,131
56,132
56,133
56,134
56,102
56,157
56,712
57,54
57,63
57,134
57,147
57,157
57,159
57,785
58,31
58,32
58,115
58,116
58,117
58,129
58,130
58,131
58,132
58,133
58,161
58,545
58,713
59,151
59,132
59,133
60,54
60,55
60,56
60,110
60,111
60,153
60,135
60,78
60,115
60,75
60,124
60,125
60,65
60,126
60,80
60,148
60,136
60,128
60,82
60,91
60,98
60,100
60,71
60,154
60,68
60,151
60,67
60,76
60,86
60,107
60,131
60,89
60,90
60,92
60,96
60,97
60,101
60,102
60,103
60,104
60,147
60,157
60,162
60,501
60,502
60,507
60,517
60,527
60,382
60,403
60,395
60,361
60,401
60,414
60,548
60,544
60,550
60,551
60,538
60,539
60,542
60,646
60,633
60,631
60,635
60,638
60,647
60,653
60,640
60,652
60,657
60,814
60,748
60,769
60,1052
61,54
61,55
61,56
61,110
61,111
61,153
61,75
61,125
61,82
61,154
61,67
61,107
61,131
61,89
61,102
61,104
61,147
61,157
61,502
61,507
61,517
61,527
61,382
61,403
61,395
61,361
61,401
61,414
61,548
61,544
61,550
61,551
61,538
61,539
61,542
61,646
61,633
61,631
61,635
61,638
61,647
61,653
61,640
61,652
61,657
61,814
61,742
61,769
62,147
62,382
62,403
62,395
62,401
62,548
62,550
62,551
62,542
62,657
62,769
63,33
63,46
63,114
63,115
63,130
63,131
63,132
63,133
63,103
63,104
63,437
63,464
63,602
63,814
63,713
63,1042
64,13
64,46
64,132
64,133
64,147
64,1052
66,10
66,36
66,37
66,38
66,41
66,42
66,81
66,128
66,87
66,152
66,89
66,159
66,439
66,440
66,460
66,500
66,671
66,814
66,713
66,723
67,10
67,13
67,16
67,30
67,41
67,42
67,47
67,48
67,54
67,63
67,81
67,82
67,128
67,87
67,152
67,147
67,159
67,500
67,814
67,789
69,53
69,57
69,64
69,111
69,112
69,116
69,125
69,91
69,88
69,99
69,130
69,131
69,132
69,92
69,93
69,94
69,101
69,103
69,104
69,155
69,501
69,507
69,508
69,516
69,631
69,814
69,732
70,53
70,57
70,64
70,125
70,91
70,92
70,93
70,94
70,101
70,103
70,104
70,147
70,501
70,507
70,508
70,516
70,631
70,638
70,647
71,101
72,1
72,3
72,4
72,7
72,9
72,24
72,35
72,43
72,44
72,49
72,50
72,51
72,52
72,61
72,84
72,69
72,112
72,141
72,114
72,85
72,121
72,122
72,156
72,70
72,128
72,136
72,91
72,98
72,100
72,71
72,154
72,68
72,151
72,86
72,105
72,106
72,120
72,89
72,90
72,92
72,96
72,97
72,101
72,103
72,430
72,431
72,432
72,433
72,434
72,442
72,445
72,447
72,451
72,453
72,454
72,455
72,456
72,457
72,458
72,463
72,466
72,467
72,469
72,470
72,471
72,472
72,473
72,474
72,475
72,476
72,477
72,478
72,479
72,480
72,481
72,482
72,484
72,485
72,498
72,502
72,505
72,506
72,508
72,510
72,511
72,512
72,513
72,514
72,515
72,516
72,518
72,521
72,526
72,528
72,614
72,611
72,624
72,612
72,626
72,661
72,711
72,734
72,765
72,760
72,748
72,738
72,1042
72,714
72,715
72,757
73,1
73,3
73,4
73,5
73,7
73,9
73,24
73,35
73,43
73,44
73,49
73,50
73,51
73,52
73,53
73,61
73,62
73,63
73,64
73,84
73,69
73,112
73,141
73,114
73,85
73,121
73,122
73,156
73,70
73,128
73,136
73,91
73,98
73,100
73,71
73,151
73,86
73,105
73,106
73,120
73,89
73,90
73,92
73,97
73,101
73,103
73,447
73,502
73,505
73,506
73,508
73,510
73,511
73,512
73,513
73,514
73,515
73,516
73,518
73,521
73,526
73,528
73,765
73,760
73,782
73,783
73,781
74,6
74,10
74,14
74,15
74,16
74,20
74,22
74,180
74,24
74,29
74,36
74,37
74,41
74,42
74,45
74,46
74,135
74,141
74,113
74,81
74,126
74,127
74,72
74,128
74,80
74,87
74,152
74,147
74,159
74,437
74,444
74,459
74,462
74,483
74,486
74,500
74,505
74,520
74,644
74,657
74,676
74,814
74,237
75,10
75,13
75,16
75,178
75,19
75,24
75,29
75,42
75,45
75,47
75,54
75,55
75,63
75,81
75,126
75,72
75,128
75,82
75,87
75,152
75,147
75,159
75,444
75,486
75,500
75,505
75,520
75,401
75,629
75,644
75,657
75,676
75,759
75,577
75,697
76,814
77,36
77,37
77,41
77,42
77,45
77,46
77,82
77,105
77,106
77,107
77,96
77,102
77,161
77,500
77,505
78,82
78,107
78,96
78,500
78,505
78,367
79,35
79,137
79,136
79,91
79,98
79,100
79,71
79,154
79,68
79,151
79,67
79,76
79,86
79,120
79,131
79,89
79,90
79,92
79,101
79,102
79,103
79,104
79,140
79,147
79,157
79,162
79,498
79,501
79,502
79,505
79,506
79,507
79,508
79,510
79,511
79,512
79,513
79,514
79,515
79,516
79,517
79,518
79,519
79,521
79,526
79,527
79,528
79,412
79,626
79,661
79,814
79,711
79,760
79,761
79,714
79,1052
80,137
80,136
80,91
80,71
80,92
80,147
80,157
80,501
80,507
80,412
80,814
80,714
81,9
81,52
81,118
81,119
81,131
81,89
81,90
81,158
81,446
81,458
81,545
81,814
81,711
81,1042
81,1045
81,1052
82,13
82,52
82,147
82,158
82,446
82,405
82,677
82,814
83,51
83,118
83,119
83,124
83,128
83,91
83,129
83,92
83,655
83,814
84,31
84,82
84,105
84,106
84,107
84,95
84,96
84,97
84,102
84,162
84,483
84,602
84,814
85,82
85,105
85,106
85,107
85,95
85,96
85,97
85,147
85,483
86,63
86,64
86,156
86,128
86,136
86,502
86,403
86,554
86,727
86,1052
87,13
87,63
87,64
87,136
87,502
87,403
87,554
88,43
88,67
88,95
88,96
88,97
88,158
88,161
88,440
88,543
88,814
89,67
89,95
89,96
89,97
89,158
89,161
89,364
89,543
90,7
90,9
90,35
90,84
90,122
90,128
90,136
90,98
90,100
90,71
90,151
90,86
90,105
90,106
90,131
90,90
90,96
90,97
90,101
90,498
90,502
90,526
90,528
90,413
90,368
90,384
90,533
90,554
90,612
90,714
90,1052
91,136
91,413
91,368
91,384
91,533
91,554
91,612
92,8
92,18
92,25
92,39
92,40
92,111
92,138
92,112
92,116
92,139
92,160
92,504
92,814
92,711
92,725
92,744
92,1052
92,196
93,18
93,25
93,87
93,133
93,160
93,504
93,631
93,647
93,640
93,657
93,814
93,1044
94,25
94,1044
95,6
95,13
95,16
95,19
95,20
95,24
95,141
95,128
95,82
95,80
95,87
95,152
95,159
95,520
95,377
95,380
95,548
95,550
95,551
95,562
95,563
95,564
95,565
95,611
95,671
95,814
95,723
96,46
96,114
96,115
96,131
96,90
96,501
96,814
96,713
97,90
97,147
97,501
97,814
97,1042
97,785
98,63
98,69
98,141
98,114
98,85
98,121
98,156
98,70
98,72
98,136
98,128
98,91
98,98
98,100
98,71
98,68
98,151
98,76
98,86
98,120
98,131
98,89
98,90
98,92
98,96
98,97
98,101
98,103
98,104
98,162
98,498
98,502
98,505
98,506
98,508
98,510
98,511
98,512
98,513
98,514
98,515
98,516
98,518
98,521
98,526
98,528
98,352
98,359
98,368
98,532
98,545
98,814
99,69
99,141
99,114
99,85
99,121
99,156
99,70
99,136
99,128
99,91
99,98
99,100
99,86
99,89
99,92
99,101
99,104
99,147
99,157
99,502
99,505
99,506
99,508
99,510
99,511
99,512
99,513
99,514
99,515
99,516
99,518
99,521
99,526
99,528
99,352
99,359
99,368
99,532
99,545
99,814
100,49
100,89
100,158
100,446
100,237
101,147
101,158
101,446
101,677
101,237
101,1053
101,692
101,694
101,404
102,108
102,110
102,111
102,112
102,78
102,114
102,115
102,116
102,117
102,118
102,119
102,124
102,79
102,105
102,106
102,157
102,162
102,501
102,626
102,661
102,228
102,782
102,794
102,781
103,157
104,33
104,87
104,160
104,162
104,520
104,671
104,814
104,746
105,87
105,134
105,89
105,147
105,159
105,162
105,520
105,370
105,814
105,1047
106,152
106,234
107,152
107,234
108,27
108,46
108,125
108,147
108,357
108,401
108,657
108,814
108,787
109,16
109,66
109,67
109,158
109,161
109,440
109,545
109,814
109,237
110,16
110,55
110,66
110,158
110,161
110,405
110,814
111,13
111,16
111,45
111,55
111,87
111,152
111,147
111,162
111,483
111,671
111,814
111,771
112,13
112,16
112,55
112,56
112,152
112,147
113,39
113,41
113,91
113,80
113,152
113,130
113,131
113,133
113,134
113,89
113,90
113,92
113,93
113,94
113,95
113,96
113,97
113,101
113,73
113,147
113,157
113,158
113,160
113,161
113,162
113,763
113,771
113,770
113,784
113,785
114,11
114,125
114,82
114,107
114,101
114,162
114,506
114,403
114,368
114,577
114,697
115,87
115,162
115,370
115,671
115,814
115,746
116,63
116,156
116,136
116,91
116,98
116,100
116,71
116,68
116,151
116,86
116,120
116,89
116,90
116,92
116,101
116,103
116,480
116,481
116,482
116,498
116,502
116,505
116,506
116,508
116,510
116,511
116,512
116,513
116,514
116,515
116,516
116,518
116,521
116,526
116,528
116,405
116,373
116,372
116,614
116,611
116,714
117,63
117,156
117,136
117,91
117,98
117,100
117,71
117,86
117,90
117,92
117,101
117,147
117,157
117,502
117,505
117,506
117,508
117,510
117,511
117,512
117,513
117,514
117,515
117,516
117,518
117,521
117,526
117,528
117,405
117,373
117,372
117,614
117,611
118,178
118,26
118,27
118,28
118,33
118,34
118,38
118,39
118,43
118,45
118,57
118,58
118,59
118,60
118,141
118,137
118,123
118,81
118,72
118,136
118,82
118,149
118,91
118,98
118,100
118,71
118,154
118,68
118,151
118,67
118,76
118,86
118,120
118,131
118,134
118,89
118,90
118,92
118,96
118,97
118,101
118,102
118,103
118,104
118,140
118,147
118,157
118,162
118,429
118,435
118,444
118,450
118,459
118,462
118,465
118,468
118,483
118,501
118,502
118,507
118,517
118,527
118,348
118,375
118,358
118,366
118,369
118,412
118,414
118,531
118,541
118,594
118,655
118,608
118,814
118,748
118,769
119,178
119,26
119,27
119,28
119,33
119,34
119,38
119,39
119,43
119,45
119,57
119,58
119,59
119,60
119,141
119,137
119,123
119,81
119,72
119,82
119,68
119,76
119,120
119,131
119,134
119,89
119,103
119,104
119,140
119,147
119,157
119,162
119,483
119,501
119,348
119,375
119,358
119,366
119,369
119,412
119,531
119,541
119,594
119,655
119,608
119,814
119,748
119,769
120,1
120,4
120,69
120,141
120,114
120,85
120,121
120,70
120,128
120,136
120,98
120,100
120,71
120,151
120,86
120,97
120,101
120,431
120,498
120,502
120,526
120,528
120,368
120,384
120,533
120,612
120,734
120,738
120,1052
121,98
121,97
121,101
121,368
121,384
121,533
121,612
121,734
121,738
122,49
122,52
122,90
122,101
122,623
122,814
122,1042
122,1052
123,41
123,46
123,57
123,93
123,94
123,162
123,653
123,785
123,1052
124,19
124,77
124,136
124,403
124,640
124,727
124,1052
125,52
125,89
125,158
125,763
125,771
125,770
126,9
126,66
126,82
126,161
126,500
126,814
126,746
127,57
127,93
127,94
127,162
127,483
127,367
127,414
127,626
127,794
127,750
127,784
127,1052
128,39
128,41
128,118
128,119
128,129
128,93
128,94
128,162
128,626
128,814
128,745
128,787
128,785
129,1
129,2
129,3
129,4
129,5
129,7
129,9
129,10
129,11
129,13
129,14
129,15
129,178
129,24
129,26
129,27
129,28
129,33
129,34
129,35
129,38
129,39
129,41
129,43
129,44
129,45
129,49
129,50
129,51
129,52
129,53
129,54
129,55
129,56
129,57
129,58
129,59
129,60
129,61
129,62
129,63
129,64
129,84
129,69
129,110
129,111
129,153
129,112
129,135
129,141
129,137
129,78
129,114
129,115
129,75
129,85
129,121
129,122
129,156
129,70
129,123
129,81
129,124
129,79
129,125
129,65
129,74
129,126
129,72
129,128
129,80
129,148
129,136
129,82
129,149
129,91
129,98
129,100
129,71
129,154
129,68
129,151
129,67
129,76
129,86
129,105
129,106
129,107
129,120
129,131
129,134
129,89
129,90
129,92
129,96
129,97
129,101
129,102
129,103
129,104
129,140
129,147
129,157
129,162
129,429
129,430
129,431
129,432
129,433
129,434
129,435
129,442
129,444
129,445
129,447
129,450
129,451
129,452
129,453
129,454
129,455
129,456
129,457
129,458
129,459
129,462
129,463
129,465
129,466
129,467
129,468
129,469
129,470
129,471
129,472
129,473
129,474
129,475
129,476
129,477
129,478
129,479
129,480
129,481
129,482
129,483
129,484
129,485
129,498
129,501
129,502
129,505
129,506
129,507
129,508
129,510
129,511
129,512
129,513
129,514
129,515
129,516
129,517
129,518
129,521
129,526
129,527
129,528
129,410
129,560
129,594
129,655
129,608
129,814
129,109
129,734
129,735
129,736
129,758
129,765
129,760
129,752
129,782
129,748
129,1042
129,714
129,769
129,715
129,740
129,783
129,787
129,780
129,781
129,788
129,727
129,757
129,759
129,789
130,1
130,2
130,3
130,4
130,5
130,7
130,9
130,10
130,11
130,13
130,14
130,15
130,178
130,24
130,26
130,27
130,28
130,33
130,34
130,35
130,38
130,39
130,41
130,43
130,44
130,45
130,49
130,50
130,51
130,52
130,53
130,54
130,55
130,56
130,57
130,58
130,59
130,60
130,61
130,62
130,63
130,64
130,79
130,136
130,82
130,91
130,98
130,100
130,71
130,154
130,68
130,151
130,76
130,86
130,120
130,131
130,89
130,90
130,92
130,101
130,102
130,103
130,104
130,147
130,157
130,433
130,498
130,501
130,502
130,505
130,506
130,507
130,508
130,510
130,511
130,512
130,513
130,514
130,515
130,516
130,517
130,518
130,521
130,526
130,527
130,528
130,560
130,594
130,655
130,608
130,814
130,734
130,735
130,736
130,758
130,765
130,760
130,752
130,782
130,748
130,1042
130,714
130,769
130,715
130,740
130,783
130,787
130,780
130,781
130,788
130,727
130,757
130,759
130,789
131,13
131,141
131,98
131,100
131,502
131,409
131,626
131,661
131,234
131,814
131,782
131,783
131,781
131,1052
132,49
132,114
132,115
132,128
132,92
132,93
132,94
132,147
132,157
132,161
132,488
132,403
132,652
132,814
132,736
132,742
132,770
132,577
133,86
133,96
133,350
133,618
133,67
133,229
133,169
133,731
133,733
133,745
137,132
137,170
137,234
137,760
137,577
138,71
138,735
140,71
140,735
142,71
142,788
143,91
143,151
143,90
143,95
143,147
143,609
143,711
144,136
144,91
144,98
144,100
144,88
144,99
144,109
144,120
144,131
144,132
144,133
144,134
144,89
144,90
144,92
144,93
144,94
144,95
144,96
144,97
144,101
144,102
144,103
144,104
144,157
144,802
144,1051
144,679
144,1056
144,797
145,91
145,98
145,100
145,88
145,99
145,109
145,120
145,131
145,132
145,133
145,134
145,89
145,90
145,92
145,93
145,94
145,95
145,96
145,97
145,101
145,102
145,103
145,104
145,157
145,158
145,802
145,1051
145,679
145,1056
145,797
146,82
146,91
146,98
146,100
146,88
146,99
146,109
146,120
146,131
146,132
146,133
146,134
146,89
146,90
146,92
146,93
146,94
146,95
146,96
146,97
146,101
146,102
146,103
146,104
146,152
146,157
146,159
146,802
146,500
146,1051
146,679
146,1056
146,797
147,10
147,74
147,126
147,89
147,162
147,381
147,653
147,536
147,814
147,787
147,780
147,789
148,10
148,74
148,126
148,89
148,162
148,381
148,653
148,787
148,780
148,789
149,91
149,98
149,100
149,88
149,99
149,109
149,120
149,131
149,132
149,133
149,134
149,89
149,90
149,92
149,93
149,94
149,95
149,96
149,97
149,101
149,102
149,103
149,104
149,157
149,381
149,787
150,147
150,1051
150,690
150,797
151,812
152,84
152,449
152,567
152,713
155,84
155,449
155,567
155,712
158,84
158,449
158,567
158,727
161,32
161,108
161,124
161,88
161,512
161,516
161,519
161,606
161,814
162,124
162,88
163,8
163,11
163,35
163,41
163,42
163,108
163,110
163,111
163,112
163,78
163,114
163,115
163,83
163,116
163,117
163,118
163,119
163,124
163,79
163,105
163,106
163,88
163,99
163,130
163,104
163,155
163,483
163,750
163,1052
164,10
164,11
164,178
164,27
164,28
164,30
164,41
164,42
164,47
164,48
164,78
164,117
164,118
164,119
164,124
164,128
164,105
164,106
164,99
164,130
164,133
164,90
164,92
164,93
164,94
164,104
164,155
164,412
164,560
164,650
164,652
164,750
165,108
165,110
165,111
165,114
165,115
165,83
165,116
165,117
165,118
165,119
165,99
165,483
165,503
165,597
165,711
166,57
166,99
166,374
166,755
166,756
166,762
166,769
166,766
167,108
167,110
167,111
167,114
167,115
167,83
167,116
167,117
167,118
167,119
167,99
167,483
167,503
167,711
168,57
168,117
168,99
168,448
168,374
168,755
168,756
168,762
168,769
168,766
169,374
169,403
169,368
169,750
169,793
170,61
170,84
170,122
170,128
170,100
170,71
170,151
170,86
170,105
170,106
170,101
170,472
170,474
170,352
170,413
170,373
170,624
170,661
170,735
170,752
171,61
171,84
171,122
171,128
171,100
171,71
171,151
171,86
171,105
171,106
171,101
171,352
171,413
171,624
171,661
171,735
171,752
172,23
172,114
172,711
172,1042
173,10
173,114
173,770
174,114
174,731
174,733
175,64
175,153
175,511
175,569
175,2
177,53
177,135
177,483
177,517
177,752
177,1052
178,483
178,752
178,577
179,7
179,112
179,123
179,124
179,483
179,490
179,529
179,544
179,626
179,153
179,745
180,52
180,123
180,124
180,1052
183,11
183,43
183,46
183,123
183,81
183,429
183,450
183,452
183,459
183,460
183,462
183,465
183,468
183,483
183,502
183,517
183,527
183,375
183,409
183,361
183,366
183,412
183,548
183,544
183,550
183,539
183,541
183,594
183,814
183,748
184,13
184,375
184,409
184,361
184,366
184,412
184,548
184,544
184,550
184,539
184,541
184,655
185,45
185,51
185,116
185,650
185,813
185,711
185,750
186,361
186,414
186,548
186,544
186,538
186,539
186,647
186,769
187,9
187,35
187,108
187,110
187,111
187,112
187,113
187,129
187,90
187,92
187,93
187,94
187,510
187,511
187,512
187,513
187,528
187,609
187,814
188,9
188,35
188,93
188,814
190,108
190,110
190,111
190,112
190,113
190,123
190,124
190,125
190,126
190,127
190,483
190,490
190,529
190,228
190,785
191,34
191,83
191,103
191,483
191,367
191,539
191,814
191,697
192,367
193,11
193,115
193,517
193,375
193,358
193,618
194,11
194,43
194,112
194,135
194,141
194,128
194,483
194,502
194,517
194,527
194,153
194,814
195,11
195,43
195,112
195,135
195,141
195,82
195,128
195,91
195,105
195,106
195,89
195,92
195,93
195,94
195,483
195,631
195,647
195,814
195,1051
196,731
196,733
197,731
197,733
198,8
198,40
198,132
198,95
198,97
198,504
198,412
198,635
198,638
198,814
198,725
198,789
198,1052
199,412
199,714
200,8
200,40
200,82
200,128
200,504
200,412
200,814
200,725
200,780
200,1052
201,12
201,135
201,491
201,492
201,493
201,494
201,495
201,496
201,497
202,26
202,27
202,28
202,72
202,147
202,483
202,517
202,623
202,814
203,29
203,45
203,51
203,124
203,129
203,483
203,560
203,814
204,8
204,33
204,34
204,41
204,57
204,108
204,110
204,111
204,112
204,78
204,114
204,115
204,116
204,117
204,118
204,119
204,124
204,79
204,105
204,106
204,483
204,490
204,529
204,228
204,755
205,697
206,38
206,72
206,509
206,374
206,409
206,356
206,357
206,361
206,367
206,373
206,548
206,544
206,560
206,539
206,594
206,655
206,713
207,16
207,36
207,37
207,45
207,46
207,55
207,126
207,483
207,366
207,370
207,542
207,647
208,13
208,19
208,24
208,82
208,128
208,380
208,551
208,562
208,563
208,564
208,565
209,39
209,114
209,115
209,118
209,130
209,131
209,132
209,133
209,483
209,618
209,1052
210,131
210,782
210,787
210,784
210,781
211,24
211,112
211,91
211,92
211,510
211,511
211,512
211,513
211,514
211,515
211,516
211,518
211,521
211,405
211,359
211,373
211,372
211,532
211,545
211,612
213,53
213,121
213,70
213,72
213,151
213,483
213,490
213,529
213,369
213,554
213,644
213,657
213,676
214,108
214,110
214,111
214,112
214,113
214,123
214,124
214,125
214,126
214,127
214,483
214,503
214,367
214,414
214,626
214,228
214,784
215,19
215,28
215,30
215,47
215,48
215,77
215,82
215,107
215,502
215,403
215,641
215,775
216,28
216,30
216,42
216,126
216,72
216,82
216,483
216,490
216,529
217,28
217,30
217,47
217,48
217,72
217,82
217,107
217,152
217,653
218,16
218,95
218,96
218,97
218,440
218,461
218,500
218,629
218,153
219,16
219,500
219,1051
220,30
220,48
220,77
220,502
220,759
221,48
221,403
221,640
222,64
222,69
222,141
222,114
222,85
222,121
222,70
222,98
222,434
222,476
222,368
222,373
222,384
222,533
222,626
222,736
222,1042
222,715
222,1052
223,3
223,4
223,5
223,43
223,44
223,52
223,53
223,62
223,64
223,125
223,483
223,510
223,511
223,512
223,513
223,514
223,515
223,516
223,518
223,521
223,413
223,384
223,540
223,624
223,626
223,661
223,735
223,1042
223,714
223,715
224,3
224,4
224,5
224,43
224,44
224,52
224,53
224,62
224,64
224,483
224,413
224,384
224,540
224,624
224,626
224,661
224,735
224,1042
224,714
224,715
225,47
225,48
225,77
225,502
225,403
225,541
225,641
225,712
225,727
226,122
226,518
226,521
226,413
226,384
226,540
227,16
227,55
227,126
227,461
227,520
227,546
227,755
227,762
227,770
227,789
227,1052
228,29
228,45
228,132
228,483
228,490
228,529
228,618
228,1052
229,45
229,46
229,763
230,405
230,373
230,372
231,37
231,126
231,127
231,82
231,483
231,519
231,520
232,126
232,82
232,107
232,152
234,37
234,116
234,117
234,483
234,490
234,529
234,412
234,814
235,38
235,43
235,135
235,489
235,490
235,529
235,609
235,814
235,713
236,38
236,42
236,114
236,81
238,19
238,28
238,114
238,640
238,727
239,7
239,35
239,114
239,545
239,763
239,771
239,770
240,16
240,55
240,114
240,545
240,746
241,39
241,41
241,118
241,119
241,128
241,483
241,626
241,745
241,785
242,785
243,799
243,800
243,1051
243,700
243,797
244,799
244,800
244,1051
244,700
244,797
245,104
245,799
245,800
245,139
245,1051
245,700
245,797
246,36
246,37
246,82
246,520
246,676
246,814
246,753
247,82
247,370
247,644
247,676
248,370
249,156
249,811
249,1051
249,693
249,797
250,139
250,811
250,1051
250,693
250,797
251,78
251,1089
251,1091
252,449
252,234
253,732
255,449
255,234
256,735
258,449
258,234
259,748
261,45
261,88
261,438
261,449
261,450
261,451
261,452
261,458
261,464
261,465
261,468
261,469
261,471
262,45
262,46
262,468
262,469
262,471
262,635
263,32
263,138
263,66
263,139
263,149
263,438
263,449
263,450
263,451
263,452
263,458
263,464
263,465
263,466
263,467
263,468
263,469
263,471
263,591
264,110
264,111
264,112
264,135
264,114
264,115
264,123
264,124
264,125
264,126
264,128
264,82
264,105
264,106
264,107
264,120
264,131
264,134
264,89
264,92
264,101
264,102
264,103
264,104
264,466
264,467
264,468
264,469
264,471
265,8
265,34
265,35
265,438
265,449
265,450
265,452
266,8
266,35
266,438
267,8
267,35
267,53
267,57
267,64
268,8
268,35
268,438
269,8
269,35
269,53
269,57
269,64
270,33
270,34
270,35
270,43
270,450
270,462
271,43
271,57
271,462
271,646
271,635
271,638
271,653
271,652
271,657
271,1051
273,8
273,33
273,34
273,41
273,450
273,462
273,465
273,468
274,41
274,57
274,462
274,560
274,1051
275,560
276,438
276,452
276,463
276,464
276,612
277,44
277,463
277,403
277,368
277,1051
278,1
278,3
278,4
278,5
278,7
278,9
278,24
278,35
278,44
278,49
278,50
278,51
278,52
278,57
278,61
278,63
278,64
278,151
278,430
278,431
278,432
278,434
278,441
278,451
278,452
278,453
278,454
278,455
278,456
278,457
278,458
278,463
278,466
278,467
278,469
278,470
278,471
278,472
278,473
278,474
278,475
278,476
278,477
278,478
278,479
278,480
278,481
278,482
278,484
278,485
278,413
278,368
278,384
278,612
278,626
278,661
278,711
278,734
278,752
278,748
278,738
278,1042
278,714
278,715
278,1052
279,1
279,3
279,4
279,5
279,7
279,9
279,24
279,35
279,44
279,49
279,50
279,51
279,52
279,53
279,57
279,61
279,62
279,63
279,64
279,430
279,431
279,432
279,434
279,451
279,452
279,453
279,454
279,455
279,456
279,457
279,458
279,463
279,466
279,467
279,469
279,470
279,471
279,472
279,473
279,474
279,475
279,476
279,477
279,478
279,479
279,480
279,481
279,482
279,484
279,485
279,403
279,413
279,368
279,384
279,541
279,765
279,760
279,761
279,782
279,794
279,783
279,787
279,785
279,781
279,757
279,759
280,33
280,34
280,38
280,39
280,43
280,114
280,450
280,597
280,733
281,33
281,34
281,39
281,43
283,26
283,57
283,450
283,459
283,462
283,465
283,468
283,748
284,57
284,594
284,769
285,438
287,8
287,438
288,375
288,756
289,375
290,8
290,464
290,606
293,110
293,111
293,112
293,135
293,114
293,115
293,123
293,124
293,125
293,126
293,128
293,82
293,105
293,106
293,107
293,120
293,131
293,134
293,89
293,92
293,101
293,102
293,103
293,104
293,436
293,444
293,464
293,488
293,672
294,10
294,444
294,488
296,54
296,141
296,137
296,156
296,81
296,77
296,72
296,136
296,82
296,128
296,80
296,87
296,152
296,140
296,73
296,147
296,437
296,444
296,713
297,444
297,621
297,785
298,11
298,544
298,539
298,594
298,655
299,10
299,36
299,437
299,379
299,551
299,562
299,563
299,564
299,565
299,618
299,752
300,52
300,464
300,350
300,597
301,350
302,24
302,134
302,437
302,443
302,444
302,448
302,401
302,623
302,723
302,789
303,24
303,134
303,437
303,443
303,444
303,448
303,401
303,671
303,723
304,9
304,437
304,444
304,396
304,416
304,676
305,444
305,551
305,562
305,563
305,564
305,565
305,644
305,676
306,785
307,10
307,30
307,38
307,41
307,42
307,47
307,48
307,138
307,66
307,139
307,441
307,444
307,672
307,1101
308,10
308,13
308,30
308,48
308,444
308,1051
309,7
309,458
309,466
309,618
309,1052
310,466
310,763
311,108
311,113
311,83
311,116
311,117
311,118
311,119
311,127
311,129
311,88
311,99
311,109
311,130
311,132
311,133
311,90
311,93
311,94
311,95
311,96
311,97
311,458
311,602
311,1099
312,108
312,113
312,83
312,116
312,117
312,118
312,119
312,127
312,129
312,88
312,99
312,109
312,130
312,132
312,133
312,90
312,93
312,94
312,95
312,96
312,97
312,458
312,602
313,57
313,465
313,609
314,57
314,465
314,609
315,23
315,38
315,39
315,41
315,43
315,51
315,53
315,54
315,57
315,64
315,465
315,367
315,414
315,548
315,609
315,766
316,109
316,458
316,602
318,11
318,466
318,467
318,409
318,655
318,782
318,783
319,44
319,52
319,432
319,451
319,466
319,470
319,472
319,473
319,474
319,475
319,477
319,478
319,479
319,480
319,481
319,482
319,485
319,409
319,655
319,695
319,782
319,783
320,62
320,64
320,430
320,431
320,432
320,434
320,442
320,445
320,451
320,453
320,454
320,455
320,456
320,457
320,458
320,463
320,469
320,470
320,471
320,472
320,473
320,474
320,475
320,476
320,477
320,478
320,479
320,480
320,481
320,482
320,484
320,485
320,413
320,384
320,614
320,611
320,612
320,782
320,783
320,781
320,788
321,62
321,64
321,477
321,413
321,782
321,783
321,781
321,788
322,16
322,55
322,78
322,155
322,439
322,440
322,460
322,546
323,16
323,55
323,546
323,695
324,16
324,55
324,440
324,486
324,644
324,763
324,771
325,45
325,78
325,155
325,439
325,546
325,612
326,546
326,1051
327,55
327,138
327,66
327,139
327,461
327,653
327,723
328,56
328,459
328,487
328,376
328,546
328,629
328,764
329,56
329,546
329,1098
331,56
331,459
332,56
333,41
333,42
333,126
333,448
333,462
333,463
333,369
333,412
333,653
333,1101
334,448
334,369
334,412
334,548
334,560
334,653
334,1051
335,38
335,41
335,462
335,409
335,362
335,366
335,612
336,38
336,41
336,462
336,409
336,362
336,366
336,612
337,10
337,178
337,18
337,26
337,27
337,28
337,435
337,403
337,368
337,541
337,671
338,10
338,178
338,18
338,26
338,27
338,28
338,435
338,403
338,368
338,541
338,671
339,2
339,10
339,11
339,14
339,15
339,35
339,38
339,41
339,43
339,54
339,55
339,56
339,59
339,435
339,444
339,459
339,462
339,468
339,354
339,363
339,399
339,631
339,647
339,740
339,787
339,780
339,743
339,727
339,789
340,2
340,10
340,11
340,14
340,15
340,35
340,38
340,41
340,43
340,54
340,55
340,56
340,59
340,153
340,435
340,444
340,354
340,363
340,399
340,631
340,647
340,740
340,787
340,780
340,727
340,789
341,59
341,429
341,450
341,465
341,348
341,358
341,594
341,608
341,789
342,59
342,348
342,358
342,594
342,608
342,789
343,36
343,109
343,459
343,377
343,764
344,448
344,377
345,573
345,735
347,573
347,735
349,467
349,356
349,748
350,356
351,361
351,467
351,762
351,794
351,764
351,750
351,769
351,775
351,759
352,41
352,466
352,467
352,468
352,469
352,471
352,560
352,606
352,569
352,1046
352,1055
353,441
353,469
353,471
353,1044
354,16
354,54
354,55
354,63
354,448
354,548
354,547
354,1052
355,18
355,39
355,40
355,53
355,441
355,469
355,471
356,178
356,18
356,53
356,448
357,11
357,467
357,369
357,373
357,794
357,1052
357,1102
358,10
358,178
358,18
358,441
358,412
359,10
359,44
359,141
359,137
359,156
359,81
359,77
359,72
359,136
359,82
359,128
359,80
359,87
359,152
359,140
359,73
359,147
359,468
359,403
359,368
359,369
359,612
359,765
359,775
359,759
359,1102
360,478
360,569
360,1094
361,28
361,30
361,47
361,48
361,765
361,775
361,759
361,445
362,775
363,63
363,64
363,445
363,413
363,734
364,63
364,64
364,413
364,814
365,413
366,50
366,51
366,98
366,472
366,474
366,359
366,626
366,760
366,1042
366,715
367,359
367,626
367,760
367,1042
367,715
368,359
368,626
368,760
368,1042
368,715
369,63
369,91
369,472
369,474
369,359
369,614
369,611
369,782
369,783
369,781
370,5
370,53
370,106
370,434
370,476
370,352
370,413
370,359
370,368
370,384
370,533
370,554
370,540
370,614
370,611
370,624
370,612
370,626
370,661
370,736
370,1042
370,715
371,41
371,435
371,612
371,712
371,714
372,714
373,712
374,56
374,432
374,770
375,403
375,1052
376,403
376,1102
377,562
377,582
377,1051
377,797
378,562
378,581
378,1051
378,797
379,562
379,583
379,1051
379,797
380,374
380,578
380,800
380,801
380,1051
380,797
381,374
381,578
381,800
381,801
381,1051
381,797
382,443
382,804
382,248
382,1051
382,797
383,443
383,803
383,248
383,1051
383,797
384,448
384,248
384,1051
384,797
385,1089
386,448
386,810
387,26
387,31
387,449
388,766
390,26
390,31
390,449
391,756
393,26
393,31
393,449
394,761
396,11
396,26
396,31
396,32
396,33
396,34
396,39
396,43
396,621
397,178
397,23
397,26
397,27
397,29
397,39
397,41
397,43
397,46
397,621
397,755
399,7
399,8
399,11
399,26
399,31
399,32
399,33
399,34
399,35
399,38
399,42
399,110
399,111
399,112
399,135
399,114
399,115
399,123
399,124
399,125
399,126
399,128
399,82
399,149
399,105
399,106
399,107
399,120
399,131
399,134
399,89
399,92
399,101
399,102
399,103
399,104
399,594
399,655
400,11
400,178
400,26
400,27
400,28
400,29
400,38
400,39
400,41
400,43
400,409
400,655
401,8
401,31
401,32
401,33
401,34
401,35
401,36
401,37
401,155
402,23
402,29
402,36
402,41
402,43
402,45
402,46
402,374
402,697
403,7
403,9
403,32
403,33
403,34
403,108
403,113
403,83
403,116
403,117
403,118
403,119
403,127
403,129
403,88
403,99
403,109
403,130
403,132
403,133
403,90
403,93
403,94
403,95
403,96
403,97
404,9
404,52
404,735
406,8
406,11
406,34
406,35
406,38
406,43
406,78
406,155
406,597
407,367
407,414
407,548
408,735
410,735
412,594
415,367
415,414
415,597
416,367
416,414
417,7
417,9
417,35
417,626
418,7
418,35
418,43
418,44
418,53
418,110
418,111
418,112
418,135
418,114
418,115
418,123
418,124
418,125
418,126
418,128
418,82
418,105
418,106
418,107
418,120
418,131
418,134
418,89
418,92
418,101
418,102
418,103
418,104
418,366
418,369
418,414
418,548
418,560
418,542
419,9
419,13
419,44
419,49
419,51
419,52
419,53
419,64
419,366
419,369
419,414
419,548
419,560
419,542
419,646
419,635
419,638
419,653
419,640
419,657
419,1051
421,367
421,697
422,1
422,3
422,7
422,9
422,35
422,43
422,44
422,49
422,51
422,53
422,788
423,1
423,3
423,7
423,9
423,35
423,43
423,44
423,49
423,51
423,52
423,53
423,64
423,782
423,794
423,783
423,781
424,785
425,7
425,612
425,711
425,725
425,196
426,403
426,368
426,369
426,546
426,1052
427,8
427,104
427,350
427,711
427,784
428,350
428,784
429,412
429,1052
430,412
430,1052
431,49
431,52
431,697
432,52
432,57
432,577
432,697
433,10
433,178
433,18
433,27
433,28
433,42
433,141
433,137
433,156
433,81
433,77
433,72
433,136
433,82
433,128
433,80
433,87
433,152
433,140
433,73
433,147
433,621
433,623
434,36
434,45
434,51
434,621
435,51
435,54
436,10
436,18
436,20
436,36
436,42
436,141
436,137
436,156
436,81
436,77
436,72
436,136
436,82
436,128
436,80
436,87
436,152
436,140
436,73
436,147
436,412
437,10
437,18
437,412
438,39
438,41
438,711
438,750
439,39
439,41
439,623
439,1042
440,169
440,349
440,711
440,731
440,733
440,771
440,1042
440,750
440,1045
440,770
440,784
440,727
440,746
440,697
441,44
441,49
441,52
441,53
441,138
441,66
441,139
441,626
441,661
442,39
442,693
443,20
443,629
443,536
444,13
444,764
446,711
447,24
447,401
447,544
447,655
447,784
448,625
448,784
449,22
449,180
449,615
450,56
450,1051
451,546
451,631
451,635
451,638
452,647
452,1051
453,43
453,354
453,363
453,399
453,609
454,375
455,78
455,155
455,373
455,631
455,647
456,1
456,7
456,9
456,24
456,35
456,49
456,50
456,51
456,61
456,405
456,359
456,373
456,372
456,532
456,545
456,711
456,734
456,765
456,760
456,748
456,738
456,1042
456,714
456,715
456,757
457,1
457,7
457,9
457,24
457,35
457,49
457,50
457,51
457,61
457,405
457,359
457,373
457,372
457,532
457,545
457,760
457,782
457,783
457,781
458,4
458,62
458,413
458,384
458,540
458,624
458,626
458,661
458,1042
458,714
458,715
459,10
459,28
459,30
459,47
459,48
459,641
460,10
460,641
460,1051
462,405
463,357
465,403
465,368
468,787
469,375
469,358
469,1051
472,366
472,370
472,542
473,403
479,25
479,787
480,349
480,28
480,1051
480,702
480,797
481,398
481,802
481,1051
481,702
481,797
482,542
482,27
482,247
482,1051
482,702
482,797
483,172
483,247
483,1051
483,707
483,797
484,172
484,1051
484,707
484,797
485,16
485,1051
485,546
485,580
485,797
486,19
486,581
486,1051
486,380
486,797
487,247
487,1051
487,707
487,797
488,410
488,802
488,1051
488,705
488,797
490,1092
490,1093
491,183
492,179
493,188
494,404
495,449
495,531
495,346
497,794
498,449
498,531
498,346
500,782
501,449
501,531
501,346
503,781
504,374
504,356
504,357
504,358
504,544
504,545
504,538
504,539
505,374
505,405
505,356
505,357
505,358
505,362
505,370
505,373
505,635
506,356
506,357
506,358
506,544
506,731
506,732
506,733
506,748
506,745
507,378
507,405
507,356
507,357
507,358
507,365
508,378
508,405
508,356
508,357
508,358
508,365
509,374
509,357
509,358
509,538
509,539
510,374
510,357
510,360
510,364
510,371
510,635
511,374
511,375
511,414
511,593
513,374
513,375
513,414
513,593
515,374
515,375
515,414
515,593
517,374
517,577
518,374
519,375
519,358
519,350
519,544
519,545
519,539
520,375
520,381
520,358
520,361
520,362
520,367
520,414
520,548
521,381
521,358
521,361
521,362
521,367
521,414
521,548
522,358
523,358
523,362
523,577
524,395
524,550
524,623
524,723
525,379
525,380
525,382
525,415
525,403
525,395
525,396
525,416
525,401
525,548
525,546
525,550
525,551
525,562
525,563
525,564
525,565
525,554
525,789
527,380
527,382
527,415
527,395
527,396
527,416
527,401
527,546
527,550
527,551
527,562
527,563
527,564
527,565
527,554
529,379
529,380
529,395
529,396
529,416
529,550
530,380
530,382
530,415
530,403
530,395
530,401
530,548
530,546
530,551
530,562
530,563
530,564
530,565
530,554
531,374
531,375
531,378
531,381
531,403
531,405
531,409
531,356
531,357
531,358
531,360
531,361
531,362
531,364
531,365
531,366
531,367
531,368
531,369
531,412
531,370
531,371
531,414
531,373
531,350
531,548
531,544
531,545
531,546
531,560
531,539
531,541
531,542
531,1051
531,577
531,697
532,375
532,378
532,550
533,375
533,380
533,548
533,550
533,644
533,657
534,785
535,375
536,354
536,375
536,363
536,399
537,354
537,375
537,363
537,399
538,375
538,365
538,370
538,373
538,548
538,542
538,621
539,375
539,365
539,370
539,373
539,548
539,542
539,621
540,375
540,367
540,539
541,375
541,361
541,414
542,361
542,367
542,414
542,780
543,375
543,414
543,539
543,731
544,375
544,414
545,375
546,375
546,412
546,414
546,350
546,548
546,769
546,726
546,780
546,785
546,766
547,375
547,412
547,414
547,350
547,548
548,375
548,412
548,414
548,350
548,548
548,769
548,726
548,780
548,785
548,766
548,697
549,375
549,412
549,414
549,350
549,548
550,348
550,375
550,381
550,382
550,403
550,409
550,356
550,358
550,395
550,361
550,401
550,366
550,368
550,369
550,412
550,414
550,384
550,531
550,533
550,548
550,544
550,550
550,551
550,560
550,538
550,539
550,541
550,542
550,646
550,633
550,635
550,638
550,653
550,640
550,652
550,657
550,748
550,769
550,789
551,376
551,377
551,359
551,615
551,764
552,377
552,764
554,376
554,359
555,577
556,376
556,577
557,376
557,373
557,614
557,611
557,612
557,626
557,671
557,661
558,373
558,554
558,1051
559,376
559,405
559,356
559,359
559,373
559,602
559,761
559,762
560,405
560,356
560,370
560,373
561,376
561,618
561,1051
562,377
563,377
564,735
566,735
568,359
568,360
568,371
568,1045
569,364
569,1045
570,352
570,350
570,711
571,414
571,650
571,652
571,784
572,378
572,359
572,360
572,364
572,371
572,1045
572,697
573,378
573,360
573,364
573,371
574,360
574,371
574,547
574,733
575,364
575,547
575,650
575,652
576,364
577,360
577,371
577,547
577,623
578,364
578,547
578,761
579,364
580,407
580,609
581,410
581,1051
582,378
582,381
582,361
582,640
582,775
582,759
583,381
583,403
583,775
584,381
584,403
584,775
585,381
585,361
585,362
586,381
587,381
587,403
587,409
587,360
587,361
587,362
587,364
587,365
587,366
587,367
587,368
587,369
587,412
587,370
587,371
587,414
587,541
587,542
587,618
587,785
587,1052
588,354
588,361
588,363
588,399
588,366
588,631
588,647
590,361
590,362
590,365
590,635
590,638
590,650
590,652
591,365
591,366
591,541
591,542
591,650
591,652
592,352
592,405
592,413
592,359
592,368
592,373
592,384
592,372
592,532
592,533
592,545
592,554
592,540
592,765
593,352
593,405
593,413
593,359
593,368
593,373
593,384
593,372
593,532
593,533
593,545
593,554
593,540
594,352
594,405
594,359
594,373
594,372
594,532
594,545
594,540
594,624
594,661
594,748
595,379
597,379
599,379
599,405
599,1042
600,405
601,405
602,379
602,554
603,554
604,784
605,398
605,770
606,369
607,398
607,547
607,677
607,725
610,396
610,416
610,672
610,770
611,382
611,560
612,560
613,380
613,381
613,362
613,640
614,380
614,381
614,640
615,380
615,640
616,354
616,361
616,363
616,399
616,366
616,631
616,647
618,354
618,363
618,399
618,631
618,647
618,1051
619,381
619,382
619,415
619,369
619,541
619,542
619,612
619,789
620,381
620,369
620,542
621,381
621,548
621,657
621,793
622,381
622,618
622,764
623,381
623,548
624,364
624,366
624,635
624,677
624,762
625,366
625,762
626,365
626,542
627,382
627,409
627,365
627,366
627,542
627,712
627,1052
628,409
628,359
628,366
628,785
629,382
629,409
629,365
629,366
629,542
629,712
629,1052
630,409
630,359
630,366
630,785
631,380
631,382
631,644
632,380
632,382
632,415
632,551
632,562
632,563
632,564
632,565
632,644
632,676
633,382
633,723
634,548
634,657
636,373
636,750
636,577
636,697
637,377
637,750
638,396
638,368
638,1051
638,701
638,797
639,382
639,541
639,1051
639,701
639,797
640,366
640,1051
640,375
640,701
640,797
641,1051
641,675
641,707
641,797
642,1051
642,675
642,707
642,797
643,1051
643,387
643,381
643,703
643,797
644,1051
644,387
644,381
644,703
644,797
645,412
645,1051
645,707
645,797
646,403
646,1051
646,704
646,797
650,590
652,794
653,590
655,782
656,590
658,781
659,591
659,594
659,602
659,655
660,655
661,591
661,594
661,593
661,735
661,746
661,1052
662,735
662,746
663,787
664,591
664,593
664,1042
667,655
667,1052
668,785
669,597
669,609
669,726
670,780
670,766
672,602
674,602
674,755
674,756
674,762
675,755
675,756
675,762
676,602
676,713
676,782
676,1042
676,781
677,606
679,606
679,752
682,609
684,609
686,612
686,661
686,711
686,782
686,787
686,781
688,614
688,611
688,612
688,626
688,661
688,577
689,1051
690,614
690,611
690,612
691,614
691,611
691,612
691,783
692,614
692,611
692,612
693,614
693,611
693,612
693,783
694,615
695,1051
696,671
696,735
698,671
698,735
701,618
701,713
701,712
701,1052
702,621
702,771
703,623
703,723
703,789
703,1052
704,631
704,762
704,750
705,647
705,794
707,635
707,638
707,677
707,1044
707,1052
708,638
708,744
708,759
709,650
709,1052
710,638
712,640
714,732
714,1043
715,793
716,1051
716,675
716,797
717,1051
717,675
717,797
718,676
718,761
718,793
722,711
722,719
725,711
725,719
728,711
728,719
731,711
731,731
731,732
731,733
731,735
731,1052
732,735
732,756
732,750
732,784
732,785
733,756
733,784
733,785
734,711
734,713
734,712
734,731
734,733
734,735
734,1042
734,714
734,1043
735,735
735,755
735,756
735,765
735,760
735,761
735,762
735,752
735,782
735,1047
735,1045
735,775
735,787
735,784
735,785
735,781
735,759
736,711
736,731
736,732
736,733
736,771
737,771
738,771
738,1047
739,713
739,712
739,731
739,732
739,735
739,755
739,763
739,760
739,761
739,762
739,728
739,785
739,781
739,1049
741,766
742,713
742,712
742,726
742,1052
743,1047
743,780
743,766
744,711
744,723
745,789
746,734
746,735
746,736
746,758
746,765
746,760
746,752
746,748
746,1042
746,714
746,715
746,757
746,759
747,736
747,1042
747,715
749,731
749,733
749,763
749,771
749,745
750,763
750,771
750,785
751,748
752,1047
752,769
753,732
753,750
754,1047
755,756
755,748
755,750
756,756
757,735
757,750
757,746
758,1047
758,750
758,746
759,735
759,752
760,1042
760,787
761,732
761,750
762,750
762,788
764,750
764,1052
765,750
766,750
767,735
767,1046
767,783
767,781
769,760
769,738
771,734
771,738
771,1052
772,796
772,782
774,770
775,756
776,771
777,771
777,1047
778,1047
778,1044
779,758
779,765
779,760
779,757
779,759
780,775
781,788
782,789
783,789
784,1047
784,789
785,722
786,751
787,772
788,792
789,774
789,773
791,790
791,720
792,791
792,720
793,753
793,797
793,746
794,726
794,797
795,797
795,1043
795,729
796,744
796,797
796,750
797,764
797,769
797,797
798,769
798,797
798,762
799,793
799,797
800,723
800,775
801,1042
803,1050
805,784
806,784
